{
  "cluster.pending_tasks": {
    "documentation": "http://www.elasticsearch.org/guide/en/elasticsearch/reference/1.4/cluster-pending.html",
    "methods": ["GET"],
    "url": {
      "path": "/_cluster/pending_tasks",
      "paths": ["/_cluster/pending_tasks"],
      "parts": {
      },
      "params": {
        "local": {
          "type": "boolean",
          "description": "Return local information, do not retrieve the state from master node (default: false)"
        },
        "master_timeout": {
          "type": "time",
          "description": "Specify timeout for connection to master"
        }
      }
    },
    "body": null
  }
}
