{
  "cluster.reroute": {
    "documentation": "http://www.elasticsearch.org/guide/en/elasticsearch/reference/1.4/cluster-reroute.html",
    "methods": ["POST"],
    "url": {
      "path": "/_cluster/reroute",
      "paths": ["/_cluster/reroute"],
      "parts": {
      },
      "params": {
        "dry_run": {
          "type" : "boolean",
          "description" : "Simulate the operation only and return the resulting state"
        },
        "explain": {
          "type" : "boolean",
          "description" : "Return an explanation of why the commands can or cannot be executed"
        },
        "metric": {
          "type": "list",
          "options": ["_all", "blocks", "metadata", "nodes", "routing_table", "master_node", "version"],
          "description": "Limit the information returned to the specified metrics. Defaults to all but metadata"
        },
        "master_timeout": {
          "type" : "time",
          "description" : "Explicit operation timeout for connection to master node"
        },
        "timeout": {
          "type" : "time",
          "description" : "Explicit operation timeout"
        }
      }
    },
    "body": {
      "description" : "The definition of `commands` to perform (`move`, `cancel`, `allocate`)"
    }
  }
}
