{
  "cluster.state": {
    "documentation": "http://www.elasticsearch.org/guide/en/elasticsearch/reference/1.4/cluster-state.html",
    "methods": ["GET"],
    "url": {
      "path": "/_cluster/state",
      "paths": [
        "/_cluster/state",
        "/_cluster/state/{metric}",
        "/_cluster/state/{metric}/{index}"
      ],
      "parts": {
        "index": {
          "type" : "list",
          "description" : "A comma-separated list of index names; use `_all` or empty string to perform the operation on all indices"
        },
        "metric" : {
          "type" : "list",
          "options" : ["_all", "blocks", "metadata", "nodes", "routing_table", "master_node", "version"],
          "description" : "Limit the information returned to the specified metrics"
        }
      },
      "params": {
        "local": {
          "type": "boolean",
          "description": "Return local information, do not retrieve the state from master node (default: false)"
        },
        "master_timeout": {
          "type": "time",
          "description": "Specify timeout for connection to master"
        },
        "flat_settings": {
          "type": "boolean",
          "description": "Return settings in flat format (default: false)"
        }
      }
    },
    "body": null
  }
}
