{
  "delete": {
    "documentation": "http://www.elasticsearch.org/guide/en/elasticsearch/reference/1.4/docs-delete.html",
    "methods": ["DELETE"],
    "url": {
      "path": "/{index}/{type}/{id}",
      "paths": ["/{index}/{type}/{id}"],
      "parts": {
        "id": {
          "type" : "string",
          "required" : true,
          "description" : "The document ID"
        },
        "index": {
          "type" : "string",
          "required" : true,
          "description" : "The name of the index"
        },
        "type": {
          "type" : "string",
          "required" : true,
          "description" : "The type of the document"
        }
      },
      "params": {
        "consistency": {
          "type" : "enum",
          "options" : ["one", "quorum", "all"],
          "description" : "Specific write consistency setting for the operation"
        },
        "parent": {
          "type" : "string",
          "description" : "ID of parent document"
        },
        "refresh": {
          "type" : "boolean",
          "description" : "Refresh the index after performing the operation"
        },
        "replication": {
          "type" : "enum",
          "options" : ["sync","async"],
          "default" : "sync",
          "description" : "Specific replication type"
        },
        "routing": {
          "type" : "string",
          "description" : "Specific routing value"
        },
        "timeout": {
          "type" : "time",
          "description" : "Explicit operation timeout"
        },
        "version" : {
          "type" : "number",
          "description" : "Explicit version number for concurrency control"
        },
        "version_type": {
          "type" : "enum",
          "options" : ["internal", "external", "external_gte", "force"],
          "description" : "Specific version type"
        }
      }
    },
    "body": null
  }
}
