{
  "delete_template": {
    "documentation": "http://www.elasticsearch.org/guide/en/elasticsearch/reference/master/search-template.html",
    "methods": ["DELETE"],
    "url": {
      "path": "/_search/template/{id}",
      "paths": [ "/_search/template/{id}" ],
      "parts": {
        "id": {
          "type" : "string",
          "description" : "Template ID"
        }
      },
      "params" : {
        "version": {
          "type": "number",
          "description": "Explicit version number for concurrency control"
        },
        "version_type": {
          "type": "enum",
          "options": ["internal", "external", "external_gte", "force"],
          "description": "Specific version type"
        }
      }
    },
    "body": null
  }
}
