{
  "exists": {
    "documentation": "http://www.elasticsearch.org/guide/en/elasticsearch/reference/1.4/docs-get.html",
    "methods": ["HEAD"],
    "url": {
      "path": "/{index}/{type}/{id}",
      "paths": ["/{index}/{type}/{id}"],
      "parts": {
        "id": {
          "type" : "string",
          "required" : true,
          "description" : "The document ID"
        },
        "index": {
          "type" : "string",
          "required" : true,
          "description" : "The name of the index"
        },
        "type": {
          "type" : "string",
          "required" : true,
          "description" : "The type of the document (use `_all` to fetch the first document matching the ID across all types)"
        }
      },
      "params": {
        "parent": {
          "type" : "string",
          "description" : "The ID of the parent document"
        },
        "preference": {
          "type" : "string",
          "description" : "Specify the node or shard the operation should be performed on (default: random)"
        },
        "realtime": {
          "type" : "boolean",
          "description" : "Specify whether to perform the operation in realtime or search mode"
        },
        "refresh": {
          "type" : "boolean",
          "description" : "Refresh the shard containing the document before performing the operation"
        },
        "routing": {
          "type" : "string",
          "description" : "Specific routing value"
        }
      }
    },
    "body": null
  }
}
