{
  "index": {
    "documentation": "http://www.elasticsearch.org/guide/en/elasticsearch/reference/1.4/docs-index_.html",
    "methods": ["POST", "PUT"],
    "url": {
      "path": "/{index}/{type}",
      "paths": ["/{index}/{type}", "/{index}/{type}/{id}"],
      "parts": {
        "id": {
          "type" : "string",
          "description" : "Document ID"
        },
        "index": {
          "type" : "string",
          "required" : true,
          "description" : "The name of the index"
        },
        "type": {
          "type" : "string",
          "required" : true,
          "description" : "The type of the document"
        }
      },
      "params": {
        "consistency": {
          "type" : "enum",
          "options" : ["one", "quorum", "all"],
          "description" : "Explicit write consistency setting for the operation"
        },
        "op_type": {
          "type" : "enum",
          "options" : ["index", "create"],
          "default" : "index",
          "description" : "Explicit operation type"
        },
        "parent": {
          "type" : "string",
          "description" : "ID of the parent document"
        },
        "refresh": {
          "type" : "boolean",
          "description" : "Refresh the index after performing the operation"
        },
        "replication": {
          "type" : "enum",
          "options" : ["sync","async"],
          "default" : "sync",
          "description" : "Specific replication type"
        },
        "routing": {
          "type" : "string",
          "description" : "Specific routing value"
        },
        "timeout": {
          "type" : "time",
          "description" : "Explicit operation timeout"
        },
        "timestamp": {
          "type" : "time",
          "description" : "Explicit timestamp for the document"
        },
        "ttl": {
          "type" : "duration",
          "description" : "Expiration time for the document"
        },
        "version" : {
          "type" : "number",
          "description" : "Explicit version number for concurrency control"
        },
        "version_type": {
          "type" : "enum",
          "options" : ["internal", "external", "external_gte", "force"],
          "description" : "Specific version type"
        }
      }
    },
    "body": {
      "description" : "The document",
      "required" : true
    }
  }
}
