{
  "indices.delete_warmer": {
    "documentation": "http://www.elasticsearch.org/guide/en/elasticsearch/reference/1.4/indices-warmers.html",
    "methods": ["DELETE"],
    "url": {
      "path": "/{index}/_warmer/{name}",
      "paths": ["/{index}/_warmer/{name}", "/{index}/_warmers/{name}"],
      "parts": {
        "index": {
          "type" : "list",
          "required" : true,
          "description" : "A comma-separated list of index names to delete warmers from (supports wildcards); use `_all` to perform the operation on all indices."
        },
        "name" : {
          "type" : "list",
          "required" : true,
          "description" : "A comma-separated list of warmer names to delete (supports wildcards); use `_all` to delete all warmers in the specified indices. You must specify a name either in the uri or in the parameters."
        }
      },
      "params": {
        "master_timeout": {
          "type" : "time",
          "description" : "Specify timeout for connection to master"
        },
        "name" : {
          "type" : "list",
          "description" : "A comma-separated list of warmer names to delete (supports wildcards); use `_all` to delete all warmers in the specified indices. You must specify a name either in the uri or in the parameters."
        }
      }
    },
    "body": null
  }
}
