{
    "indices.recovery" : {
        "documentation": "http://www.elasticsearch.org/guide/en/elasticsearch/reference/master/indices-recovery.html",
        "methods": ["GET"],
        "url": {
            "path": "/_recovery",
            "paths": ["/_recovery", "/{index}/_recovery"],
            "parts": {
                "index": {
                    "type" : "list",
                    "description" : "A comma-separated list of index names; use `_all` or empty string to perform the operation on all indices"
                }
            },
            "params": {
                "detailed" : {
                    "type": "boolean",
                    "description": "Whether to display detailed information about shard recovery",
                    "default": false
                },
                "active_only" : {
                    "type": "boolean",
                    "description": "Display only those recoveries that are currently on-going",
                    "default": false
                },
                "human": {
                    "type": "boolean",
                    "description": "Whether to return time and byte values in human-readable format.",
                    "default": false
                }
            }
        },
        "body": null
    }
}