{
  "indices.delete_template": {
    "documentation": "http://www.elasticsearch.org/guide/en/elasticsearch/reference/1.4/indices-templates.html",
    "methods": ["DELETE"],
    "url": {
      "path": "/_template/{name}",
      "paths": ["/_template/{name}"],
      "parts": {
        "name": {
          "type" : "string",
          "required" : true,
          "description" : "The name of the template"
        }
      },
      "params": {
        "timeout": {
          "type" : "time",
          "description" : "Explicit operation timeout"
        },
        "master_timeout": {
          "type" : "time",
          "description" : "Specify timeout for connection to master"
        }
      }
    },
    "body": null
  }
}
