{
  "indices.refresh": {
    "documentation": "http://www.elasticsearch.org/guide/en/elasticsearch/reference/1.4/indices-refresh.html",
    "methods": ["POST", "GET"],
    "url": {
      "path": "/_refresh",
      "paths": ["/_refresh", "/{index}/_refresh"],
      "parts": {
        "index": {
          "type" : "list",
          "description" : "A comma-separated list of index names; use `_all` or empty string to perform the operation on all indices"
        }
      },
      "params": {
        "ignore_unavailable": {
            "type" : "boolean",
            "description" : "Whether specified concrete indices should be ignored when unavailable (missing or closed)"
        },
        "allow_no_indices": {
            "type" : "boolean",
            "description" : "Whether to ignore if a wildcard indices expression resolves into no concrete indices. (This includes `_all` string or when no indices have been specified)"
        },
        "expand_wildcards": {
            "type" : "enum",
            "options" : ["open","closed","none","all"],
            "default" : "open",
            "description" : "Whether to expand wildcard expression to concrete indices that are open, closed or both."
        },
        "force": {
            "type" : "boolean",
            "description" : "Force a refresh even if not required",
            "default": false
        },
        "operation_threading": {
          "description" : "TODO: ?"
        }
      }
    },
    "body": null
  }
}
