{
  "indices.upgrade": {
    "documentation": "http://www.elasticsearch.org/guide/en/elasticsearch/reference/master/indices-upgrade.html",
    "methods": ["POST"],
    "url": {
      "path": "/_upgrade",
      "paths": ["/_upgrade", "/{index}/_upgrade"],
      "parts": {
        "index": {
          "type" : "list",
          "description" : "A comma-separated list of index names; use `_all` or empty string to perform the operation on all indices"
        }
      },
      "params": {
        "allow_no_indices": {
            "type" : "boolean",
            "description" : "Whether to ignore if a wildcard indices expression resolves into no concrete indices. (This includes `_all` string or when no indices have been specified)"
        },
        "expand_wildcards": {
            "type" : "enum",
            "options" : ["open","closed","none","all"],
            "default" : "open",
            "description" : "Whether to expand wildcard expression to concrete indices that are open, closed or both."
        },
        "ignore_unavailable": {
            "type" : "boolean",
            "description" : "Whether specified concrete indices should be ignored when unavailable (missing or closed)"
        },
        "wait_for_completion": {
          "type" : "boolean",
          "description" : "Specify whether the request should block until the all segments are upgraded (default: true)"
        }
      }
    },
    "body": null
  }
}
