{
  "indices.flush": {
    "documentation": "http://www.elasticsearch.org/guide/en/elasticsearch/reference/1.4/indices-flush.html",
    "methods": ["POST", "GET"],
    "url": {
      "path": "/_flush",
      "paths": ["/_flush", "/{index}/_flush"],
      "parts": {
        "index": {
          "type" : "list",
          "description" : "A comma-separated list of index names; use `_all` or empty string for all indices"
        }
      },
      "params": {
        "force": {
          "type" : "boolean",
          "description" : "Whether a flush should be forced even if it is not necessarily needed ie. if no changes will be committed to the index. This is useful if transaction log IDs should be incremented even if no uncommitted changes are present. (This setting can be considered as internal)"
        },
        "full": {
          "type" : "boolean",
          "description" : "If set to true a new index writer is created and settings that have been changed related to the index writer will be refreshed. Note: if a full flush is required for a setting to take effect this will be part of the settings update process and it not required to be executed by the user. (This setting can be considered as internal)"
        },
        "wait_if_ongoing": {
          "type" : "boolean",
          "description" : "If set to true the flush operation will block until the flush can be executed if another flush operation is already executing. The default is false and will cause an exception to be thrown on the shard level if another flush operation is already running."
        },
        "ignore_unavailable": {
            "type" : "boolean",
            "description" : "Whether specified concrete indices should be ignored when unavailable (missing or closed)"
        },
        "allow_no_indices": {
            "type" : "boolean",
            "description" : "Whether to ignore if a wildcard indices expression resolves into no concrete indices. (This includes `_all` string or when no indices have been specified)"
        },
        "expand_wildcards": {
            "type" : "enum",
            "options" : ["open","closed","none","all"],
            "default" : "open",
            "description" : "Whether to expand wildcard expression to concrete indices that are open, closed or both."
        }
      }
    },
    "body": null
  }
}
