{
  "indices.exists": {
    "documentation": "http://www.elasticsearch.org/guide/en/elasticsearch/reference/1.4/indices-exists.html",
    "methods": ["HEAD"],
    "url": {
      "path": "/{index}",
      "paths": ["/{index}"],
      "parts": {
        "index": {
          "type" : "list",
          "required" : true,
          "description" : "A comma-separated list of indices to check"
        }
      },
      "params": {
        "ignore_unavailable": {
            "type" : "boolean",
            "description" : "Whether specified concrete indices should be ignored when unavailable (missing or closed)"
        },
        "allow_no_indices": {
            "type" : "boolean",
            "description" : "Whether to ignore if a wildcard indices expression resolves into no concrete indices. (This includes `_all` string or when no indices have been specified)"
        },
        "expand_wildcards": {
            "type" : "enum",
            "options" : ["open","closed","none","all"],
            "default" : "open",
            "description" : "Whether to expand wildcard expression to concrete indices that are open, closed or both."
        },
        "local": {
            "type": "boolean",
            "description": "Return local information, do not retrieve the state from master node (default: false)"
        }
      }
    },
    "body": null
  }
}
