{
    "snapshot.verify_repository": {
        "documentation": "http://www.elasticsearch.org/guide/en/elasticsearch/reference/master/modules-snapshots.html",
        "methods": ["POST"],
        "url": {
            "path": "/_snapshot/{repository}/_verify",
            "paths": ["/_snapshot/{repository}/_verify"],
            "parts": {
                "repository": {
                    "type": "string",
                    "required" : true,
                    "description": "A repository name"
                }
            },
            "params": {
                "master_timeout": {
                    "type" : "time",
                    "description" : "Explicit operation timeout for connection to master node"
                },
                "timeout": {
                    "type" : "time",
                    "description" : "Explicit operation timeout"
                }
            }
        },
        "body": null
    }
}
