<component>
    <dependencySets>
        <dependencySet>
            <outputDirectory>/lib</outputDirectory>
            <useTransitiveFiltering>true</useTransitiveFiltering>
            <includes>
                <include>org.apache.lucene:lucene*</include>
                <include>log4j:log4j</include>
                <include>net.java.dev.jna:jna</include>
                <include>com.spatial4j:spatial4j</include>
                <include>com.vividsolutions:jts</include>
                <include>org.codehaus.groovy:groovy-all</include>
            </includes>
        </dependencySet>
        <dependencySet>
            <outputDirectory>/lib</outputDirectory>
            <useTransitiveDependencies>false</useTransitiveDependencies>
            <includes>
                <include>org.elasticsearch:elasticsearch</include>
            </includes>
        </dependencySet>
    </dependencySets>
    <fileSets>
        <fileSet>
            <directory>config</directory>
            <outputDirectory>config</outputDirectory>
            <includes>
                <include>*</include>
            </includes>
        </fileSet>
        <fileSet>
            <filtered>true</filtered>
            <directory>bin</directory>
            <outputDirectory>bin</outputDirectory>
            <lineEnding>dos</lineEnding>
            <includes>
                <include>elasticsearch.in.bat</include>
                <include>elasticsearch.bat</include>
                <include>plugin.bat</include>
                <include>service.bat</include>
            </includes>
        </fileSet>
        <fileSet>
            <filtered>false</filtered>
            <directory>bin</directory>
            <outputDirectory>bin</outputDirectory>
            <includes>
                <include>*.exe</include>
            </includes>
        </fileSet>
        <fileSet>
            <filtered>true</filtered>
            <directory>bin</directory>
            <outputDirectory>bin</outputDirectory>
            <fileMode>0755</fileMode>
            <directoryMode>0755</directoryMode>
            <lineEnding>unix</lineEnding>
            <includes>
                <include>elasticsearch.in.sh</include>
                <include>elasticsearch</include>
                <include>plugin</include>
            </includes>
        </fileSet>

        <fileSet>
            <directory>lib/sigar</directory>
            <outputDirectory>lib/sigar</outputDirectory>
            <includes>
                <include>*</include>
            </includes>
        </fileSet>
    </fileSets>
    <files>
        <file>
            <source>README.textile</source>
            <outputDirectory>/</outputDirectory>
        </file>
        <file>
            <source>LICENSE.txt</source>
            <outputDirectory>/</outputDirectory>
        </file>
        <file>
            <source>NOTICE.txt</source>
            <outputDirectory>/</outputDirectory>
        </file>
    </files>
</component>
